$\mu$	$\sigma$	$f_o$
0.7027700573938611	0.0007838285966245705	0.701202400200612
