scaleType	$\mu$	$\sigma$	$f_o$
min-max	0.7075668826875411	0.0013607638452316397	0.7048453549970778
std	0.707680265311856	0.0010969245377150398	0.7054864162364259
